<?xml version="1.0" encoding="UTF-8"?>
<plugin>
  <name>Two Factor Authentication</name>
  <author>BangingHeads</author>
<!-- Feel free to include your github repo here -->
  <website>https://github.com/bangingheads/UserSpiceTwoFactor</website>

<!-- the version of the plugin iteself -->
  <version>1.0.5</version>

<!-- release date of THIS version -->
  <release>October 24, 2021</release>

<!-- the last version of UserSpice you tested the plugin with -->
  <tested>5.3.7</tested>

<!-- What does your plugin do? -->
  <description>This plugin adds two factor authentication to UserSpice logins. It requires the hooks present in UserSpice 5.1.4+</description>

  <!-- This is the launch button in the plugin manager. If it is blank or missing, Configure Plugin will show up. -->
    <button>Two Factor</button>
</plugin>
